Job,TOP CANDIDATE,Name,Email,Reason
1,C9590,Stephen Hayden,stephenhayden76@gmail.com,"Stephen Hayden (C9590) is the strongest candidate due to his PhD, direct software engineering experience, and proficiency in Python, TensorFlow, and PyTorch. His AI chatbot development demonstrates practical application of skills and problem-solving ability. While the role doesn't explicitly require AI/ML, his background is highly valuable and transferable, providing a significant advantage. The CEH certification adds further value, showcasing a commitment to security best practices. His skillset aligns perfectly with the job's technical demands and potential for future innovation."
2,C3464,William Mathis,williammathis33@gmail.com,"William Mathis (C3464) is the strongest candidate. He exceeds educational requirements with a PhD and Master's, possesses direct Data Science experience, and crucially, demonstrates cloud expertise (AWS, Azure, GCP) – a significant advantage. While R and explicit visualization tool experience are minor gaps, his data science background strongly suggests SQL knowledge, and the AI matching system indicates a quick learning curve for other tools. His product management experience also highlights collaboration skills, making him exceptionally well-rounded for this role."
3,C7554,Amanda Miller,amandamiller19@gmail.com,"Amanda Miller (C7554) is the strongest candidate. Her PhD, coupled with significant product management experience at DEF Ltd. (40% adoption increase) and a data science background, provides a unique blend of analytical and leadership skills. Her AI expertise is a valuable bonus, demonstrating an innovative mindset. She clearly possesses the technical understanding and strategic thinking required to excel in this role, exceeding the educational requirements and showcasing a proven track record of success."
4,C8676,Tiffany Osborne,tiffanyosborne10@gmail.com,"Tiffany Osborne (C8676) is the strongest candidate. Her Ph.D. in AI, combined with expert-level cloud skills (AWS, Azure, GCP) and AWS certification, provides a robust technical foundation. While the CV lacks explicit IaC details, her advanced degree and practical experience suggest a rapid learning curve. Her software engineering background and proven ability to build scalable systems align perfectly with the role's requirements, making her the most likely to succeed and contribute immediately."
5,C6658,John Sharp,johnsharp33@gmail.com,"John Sharp (C6658) is the strongest candidate. While all candidates share a matching score and a gap in specific tool experience (SIEM/IDS/IPS), John’s PhD in AI coupled with an MBA demonstrates exceptional analytical and strategic thinking skills crucial for a Cybersecurity Analyst. His profile suggests a high capacity for learning and adapting to new security technologies. The combination of advanced degrees and relevant skills makes him the most likely to quickly become a high-performing asset to the team, despite the need for some targeted training on specific tools."
6,C3922,Alyssa Hansen,alyssahansen36@gmail.com,"Alyssa Hansen (C3922) is the strongest candidate. Her PhD in AI, coupled with a Master's in Data Science and Software Engineering experience, provides a uniquely valuable blend of theoretical depth and practical application. She demonstrates proficiency in all required technologies, has deployed AI solutions (chatbot project), and holds an AWS certification. Her experience with scalable backend development and agile methodologies is a significant advantage, directly addressing the needs of a production-level Machine Learning Engineer. While minor gaps are noted, her overall profile is exceptionally well-aligned."
7,C4021,Ryan Smith,ryansmith96@gmail.com,"Ryan Smith (C4021) is the strongest candidate due to his comprehensive cloud skills across AWS, Azure, and GCP, coupled with proficiency in Docker and Kubernetes – all critical for this DevOps Engineer role. While minor gaps exist regarding explicit Terraform/Ansible and CI/CD pipeline experience, his strong cloud foundation and Python skills suggest rapid upskilling potential. His agile leadership experience also indicates familiarity with relevant development processes. The MBA, while not directly technical, demonstrates business acumen which is valuable."
8,C6357,Philip Perez,philipperez65@gmail.com,"Philip Perez (C6357) is marginally preferred due to his combined experience as both a Software Engineer *and* Product Manager. This dual role suggests a broader understanding of the software development lifecycle and business needs, which is valuable for a Full Stack Developer. While both candidates have similar technical foundations and gaps, Perez's MBA and demonstrated problem-solving abilities, coupled with security awareness, provide a slight edge. Both candidates possess transferable skills and full-stack diplomas, making them strong contenders."
9,C6979,Richard Evans,richardevans28@gmail.com,"Richard Evans (C6979) is the strongest candidate. He possesses direct experience with Kafka and cloud platforms (AWS, Azure, GCP), crucial for this role, alongside a strong academic background in Data Science and AI. While Hadoop and Spark aren't explicitly mentioned, his experience with distributed systems and cloud technologies strongly suggests familiarity. Daniel Bailey (C1446) is a close second with a similar academic background, but lacks explicit mention of Kafka. Ann Adams (C5661) is qualified but her MBA is less directly relevant than the Data Science/AI degrees of the other two."
10,C9567,Julie Duffy,julieduffy97@gmail.com,"Julie Duffy (C9567) is the strongest candidate due to her unique combination of a Ph.D. in AI *and* a Master's in Data Science, demonstrating both deep research capabilities and practical application skills. Her NLP/Computer Vision research background, proficiency in Python/TensorFlow/PyTorch, publication record, and the valuable AI ethics achievement make her exceptionally well-suited. The CEH certification is a bonus. This blend of theoretical knowledge and practical experience, coupled with awareness of ethical considerations, positions her as the most prepared to excel in this role."
11,C8420,Christine Hines,christinehines27@gmail.com,"Christine Hines (C8420) is the strongest candidate due to her Bachelor's degree *with a concentration* in database management, direct PostgreSQL proficiency, and experience as a Software Engineer demonstrating practical database interaction. Her 30% system efficiency improvement highlights optimization skills crucial for database management. The CEH certification adds value for database security, and her familiarity with Docker and Kubernetes is beneficial for modern database deployments. While all candidates scored equally, Christine’s focused educational background and demonstrable optimization experience give her a slight edge."
12,C9104,Nicole Mendoza,nicolemendoza11@gmail.com,"Nicole Mendoza (C9104) is the strongest candidate despite the shared matching score. Her BEng in IT combined with Data Science and Product Manager experience suggests strong analytical skills and a systems-level understanding. While lacking explicit network engineering tasks, her cybersecurity background directly translates to network security, a crucial aspect of the role. The AI identified a lack of router/switch configuration, but her overall profile demonstrates the quickest learning curve and adaptability to acquire those skills compared to candidates whose experience is further removed from networking. "
13,C6979,Richard Evans,richardevans28@gmail.com,"Richard Evans (C6979) is the strongest candidate. His PhD in AI, combined with a Master's in Data Science and an MBA, provides an exceptional blend of technical depth and business acumen. He possesses direct experience as both a Software Engineer and Product Manager, demonstrating leadership and a comprehensive understanding of the software lifecycle. His AWS certification and proficiency in Java, a preferred language, directly address key job requirements. While many candidates are highly qualified, Evans' combination of education, experience, and technical skills makes him the most well-rounded and immediately impactful choice."
14,C4277,Melissa Campos,melissacampos94@gmail.com,"Melissa Campos (C4277) is the strongest candidate. While all candidates lack direct blockchain experience, her combination of Computer Science, IT, and Data Science degrees, coupled with experience in cybersecurity and AWS cloud architecture, provides a more robust foundation for quickly learning and applying blockchain technologies. Her AI/ML background also offers potential synergy. The other candidates, while strong, have either less diverse technical backgrounds or experience (like the MBA focus in C7733 and C8420) that is less directly applicable to the core technical demands of a blockchain development role."
15,C3620,Holly Kennedy,hollykennedy38@gmail.com,"Both candidates are exceptionally well-matched (85%). However, Holly Kennedy (C3620) is ranked slightly higher due to the AI's direct observation of her experience as both a Product Manager *and* Software Engineer, explicitly highlighting project leadership and cross-functional collaboration. While Melissa Campos (C4277) demonstrates similar capabilities inferred from responsibilities, the direct experience stated for Kennedy provides a more concrete foundation. Both show familiarity with Agile, and the cloud skills are a bonus for Kennedy, making her a marginally stronger fit."
16,C9369,Sylvia Brown,sylviabrown74@gmail.com,"Sylvia Brown (C9369) is the strongest candidate. Her PhD and Master's in Data Science, coupled with proven experience as a Data Scientist delivering quantifiable results (25% cost reduction, 40% ticket reduction), demonstrate exceptional analytical capabilities. While Power BI/Tableau aren't explicitly mentioned, her experience building predictive models and developing AI chatbots strongly suggests a rapid learning curve. Her advanced degrees significantly exceed the requirements, and her technical skillset aligns perfectly with the role's demands, making her the most likely to succeed and contribute immediately."
17,C2652,James Smith,jamessmith59@gmail.com,"James Smith (C2652) is the strongest candidate. His PhD in AI combined with an MBA demonstrates both technical depth and strategic thinking. He possesses proficiency in Python, C++, and PyTorch, essential for robotics software development, and has experience in agile sprints and scalable application development. While lacking explicit robotics experience, his strong software engineering background and analytical skills suggest a high potential for rapid learning and adaptation to the role's requirements. The MBA also indicates leadership potential, valuable for future growth."
18,C1499,Brian Hurley,brianhurley66@gmail.com,"While both candidates tied in matching score, Brian Hurley (C1499) demonstrates a slightly stronger potential for transferrable skills. His Data Science background and experience with Deep Learning/CUDA, coupled with C++ proficiency and a proactive AI chatbot project, suggest a greater aptitude for quickly learning the necessary embedded systems concepts. Although lacking direct microcontroller/RTOS experience, his software engineering foundation and problem-solving skills offer a more promising starting point than Michael Taylor (C6942), whose experience is more heavily weighted towards backend and AI, further removed from the hardware-focused requirements of the role."
19,C3912,Kimberly Scott,kimberlyscott70@gmail.com,"Kimberly Scott (C3912) is the strongest candidate despite the lack of explicitly stated testing framework experience. Her PhD and strong software engineering background demonstrate a high level of analytical ability and learning capacity, crucial for quickly acquiring new skills. The AI chatbot project highlights problem-solving, and the cybersecurity knowledge is a valuable asset. While hands-on testing tool experience is a gap, her development experience strongly suggests a foundational understanding of testing principles, making her the most adaptable and potentially high-performing candidate."
20,C1061,Alyssa Chavez,alyssachavez88@gmail.com,"Given that only one candidate profile was provided (C1061), it is automatically ranked first. While the AI matching explanation highlights a significant lack of direct UX/UI experience, the candidate *does* possess a Software Engineering diploma and a background in data science. This foundational technical understanding, coupled with analytical skills, could be leveraged with targeted training to develop UX/UI capabilities. The profile suggests a strong aptitude for learning and problem-solving, making C1061 the most suitable candidate from this limited pool, albeit requiring investment in upskilling."
